-- =====================================================
-- ไฟล์ SQL สำหรับเพิ่มข้อมูล Mock เข้าไปในฐานข้อมูล
-- Student Practicum System
-- =====================================================
-- 
-- คำแนะนำการใช้งาน:
-- 1. ตรวจสอบให้แน่ใจว่าฐานข้อมูล student_practicum_system.sql ได้ถูก import แล้ว
-- 2. รันไฟล์นี้เพื่อเพิ่มข้อมูล mock
-- 3. ข้อมูลจะไม่ทับซ้อนกับข้อมูลเดิมที่มีอยู่
--
-- =====================================================

SET SQL_MODE = "NO_AUTO_VALUE_ON_ZERO";
SET AUTOCOMMIT = 0;
START TRANSACTION;
SET time_zone = "+00:00";

-- =====================================================
-- เพิ่มข้อมูล Users ใหม่ (เริ่มจาก ID 6)
-- =====================================================

INSERT INTO `users` (`id`, `username`, `email`, `password_hash`, `role_id`, `first_name`, `last_name`, `phone`, `is_active`, `last_login`, `created_at`) VALUES
-- นักศึกษาเพิ่มเติม
(6, 'student002', 'student002@rmu.ac.th', '$2b$10$FFa.SrlaWOAsjIGe1s3yzOtKG.6CnRoGIC1.Xwjb12GQ4k2WdyNUC', 2, 'นางสาวสุมาลี', 'ใจดี', '089-2345678', 1, NULL, '2025-09-10 20:00:00'),
(7, 'student003', 'student003@rmu.ac.th', '$2b$10$FFa.SrlaWOAsjIGe1s3yzOtKG.6CnRoGIC1.Xwjb12GQ4k2WdyNUC', 2, 'นายวิชัย', 'เก่งเรียน', '089-3456789', 1, NULL, '2025-09-10 20:00:00'),
(8, 'student004', 'student004@rmu.ac.th', '$2b$10$FFa.SrlaWOAsjIGe1s3yzOtKG.6CnRoGIC1.Xwjb12GQ4k2WdyNUC', 2, 'นางสาวพรทิพย์', 'สวยงาม', '089-4567890', 1, NULL, '2025-09-10 20:00:00'),
(9, 'student005', 'student005@rmu.ac.th', '$2b$10$FFa.SrlaWOAsjIGe1s3yzOtKG.6CnRoGIC1.Xwjb12GQ4k2WdyNUC', 2, 'นายสมศักดิ์', 'ขยันเรียน', '089-5678901', 1, NULL, '2025-09-10 20:00:00'),
(10, 'student006', 'student006@rmu.ac.th', '$2b$10$FFa.SrlaWOAsjIGe1s3yzOtKG.6CnRoGIC1.Xwjb12GQ4k2WdyNUC', 2, 'นางสาวรัตนา', 'สุขใส', '089-6789012', 1, NULL, '2025-09-10 20:00:00'),

-- ครูพี่เลี้ยงเพิ่มเติม
(11, 'mentor002', 'mentor002@school.ac.th', '$2b$10$FFa.SrlaWOAsjIGe1s3yzOtKG.6CnRoGIC1.Xwjb12GQ4k2WdyNUC', 3, 'ครูสมพร', 'สอนเก่ง', '081-8765432', 1, NULL, '2025-09-10 20:00:00'),
(12, 'mentor003', 'mentor003@school.ac.th', '$2b$10$FFa.SrlaWOAsjIGe1s3yzOtKG.6CnRoGIC1.Xwjb12GQ4k2WdyNUC', 3, 'ครูวิชัย', 'ใจดี', '081-9876543', 1, NULL, '2025-09-10 20:00:00'),
(13, 'mentor004', 'mentor004@school.ac.th', '$2b$10$FFa.SrlaWOAsjIGe1s3yzOtKG.6CnRoGIC1.Xwjb12GQ4k2WdyNUC', 3, 'ครูสมชาย', 'ขยันสอน', '081-0987654', 1, NULL, '2025-09-10 20:00:00'),

-- อาจารย์นิเทศเพิ่มเติม
(14, 'supervisor002', 'supervisor002@rmu.ac.th', '$2b$10$FFa.SrlaWOAsjIGe1s3yzOtKG.6CnRoGIC1.Xwjb12GQ4k2WdyNUC', 4, 'อาจารย์สมศรี', 'ใจดี', '043-754323', 1, NULL, '2025-09-10 20:00:00'),
(15, 'supervisor003', 'supervisor003@rmu.ac.th', '$2b$10$FFa.SrlaWOAsjIGe1s3yzOtKG.6CnRoGIC1.Xwjb12GQ4k2WdyNUC', 4, 'อาจารย์วิชัย', 'เก่งสอน', '043-754324', 1, NULL, '2025-09-10 20:00:00');

-- =====================================================
-- เพิ่มข้อมูลโรงเรียนใหม่ (เริ่มจาก ID 5)
-- =====================================================

INSERT INTO `schools` (`id`, `school_name`, `school_type`, `address`, `district`, `province`, `postal_code`, `phone`, `email`, `director_name`, `is_active`, `created_at`) VALUES
(5, 'โรงเรียนบ้านหนองแวง', 'ประถมศึกษา', '456 หมู่ 2 ตำบลหนองแวง', 'เมืองมหาสารคาม', 'มหาสารคาม', '44000', '043-567890', 'nongwaeng@school.ac.th', 'นางสาวสมพร ใจดี', 1, '2025-09-10 20:00:00'),
(6, 'โรงเรียนบ้านโคกสูง', 'ประถมศึกษา', '789 หมู่ 4 ตำบลโคกสูง', 'กันทรวิชัย', 'มหาสารคาม', '44150', '043-678901', 'khoksung@school.ac.th', 'นายวิชัย สูงส่ง', 1, '2025-09-10 20:00:00'),
(7, 'โรงเรียนบ้านโนนสวรรค์', 'ประถมศึกษา', '321 หมู่ 6 ตำบลโนนสวรรค์', 'เมืองมหาสารคาม', 'มหาสารคาม', '44000', '043-789012', 'nonsawan@school.ac.th', 'นางรัตนา สวรรค์', 1, '2025-09-10 20:00:00'),
(8, 'โรงเรียนบ้านท่าขอนยาง', 'ประถมศึกษา', '654 หมู่ 8 ตำบลท่าขอนยาง', 'เมืองมหาสารคาม', 'มหาสารคาม', '44000', '043-890123', 'thakhonyang@school.ac.th', 'นายสมชาย ขอนยาง', 1, '2025-09-10 20:00:00');

-- =====================================================
-- เพิ่มข้อมูลนักศึกษาใหม่ (เริ่มจาก ID 3)
-- =====================================================

INSERT INTO `students` (`id`, `user_id`, `student_id`, `major`, `year_level`, `semester`, `academic_year`, `gpa`, `assigned_school_id`, `assigned_mentor_id`, `assigned_supervisor_id`, `practicum_hours_completed`, `practicum_hours_required`, `status`, `created_at`) VALUES
(3, 6, '651234567891', 'คณิตศาสตร์', 4, 2, '2567', '3.45', 1, 1, 1, 8, 50, 'in_progress', '2025-09-10 20:00:00'),
(4, 7, '651234567892', 'วิทยาศาสตร์', 4, 2, '2567', '3.60', 2, 2, 2, 12, 50, 'in_progress', '2025-09-10 20:00:00'),
(5, 8, '651234567893', 'สังคมศึกษา', 4, 2, '2567', '3.20', 3, 3, 1, 6, 50, 'in_progress', '2025-09-10 20:00:00'),
(6, 9, '651234567894', 'ภาษาไทย', 4, 2, '2567', '3.80', 4, 4, 2, 15, 50, 'in_progress', '2025-09-10 20:00:00'),
(7, 10, '651234567895', 'ศิลปศึกษา', 4, 2, '2567', '3.35', 5, 1, 3, 10, 50, 'in_progress', '2025-09-10 20:00:00');

-- =====================================================
-- เพิ่มข้อมูลครูพี่เลี้ยงใหม่ (เริ่มจาก ID 2)
-- =====================================================

INSERT INTO `mentor_teachers` (`id`, `user_id`, `teacher_id`, `school_id`, `subject_specialty`, `teaching_experience`, `education_level`, `position`, `is_active`, `created_at`) VALUES
(2, 11, 'T002', 2, 'คณิตศาสตร์', 8, 'ปริญญาตรี คณิตศาสตร์', 'ครูชำนาญการ', 1, '2025-09-10 20:00:00'),
(3, 12, 'T003', 3, 'วิทยาศาสตร์', 12, 'ปริญญาโท วิทยาศาสตร์', 'ครูชำนาญการพิเศษ', 1, '2025-09-10 20:00:00'),
(4, 13, 'T004', 4, 'ภาษาไทย', 15, 'ปริญญาตรี ภาษาไทย', 'ครูชำนาญการ', 1, '2025-09-10 20:00:00');

-- =====================================================
-- เพิ่มข้อมูลอาจารย์นิเทศใหม่ (เริ่มจาก ID 2)
-- =====================================================

INSERT INTO `supervisors` (`id`, `user_id`, `employee_id`, `department`, `faculty`, `subject_specialty`, `academic_rank`, `education_level`, `is_active`, `created_at`) VALUES
(2, 14, 'EMP002', 'คณะครุศาสตร์', 'มหาวิทยาลัยราชภัฏมหาสารคาม', 'คณิตศาสตร์', 'อาจารย์', 'ปริญญาโท คณิตศาสตร์', 1, '2025-09-10 20:00:00'),
(3, 15, 'EMP003', 'คณะครุศาสตร์', 'มหาวิทยาลัยราชภัฏมหาสารคาม', 'วิทยาศาสตร์', 'รองศาสตราจารย์', 'ปริญญาเอก วิทยาศาสตร์', 1, '2025-09-10 20:00:00');

-- =====================================================
-- เพิ่มข้อมูลแผนการสอน (Lesson Plans)
-- =====================================================

INSERT INTO `lesson_plans` (`id`, `student_id`, `title`, `subject`, `grade_level`, `lesson_duration`, `learning_objectives`, `teaching_materials`, `teaching_methods`, `assessment_methods`, `file_path`, `file_name`, `file_size`, `status`, `mentor_feedback`, `supervisor_feedback`, `approved_by_mentor`, `approved_by_supervisor`, `approved_at`, `created_at`, `updated_at`) VALUES
(1, 3, 'การบวกและการลบจำนวนเต็ม', 'คณิตศาสตร์', 'ม.1', 50, 'นักเรียนสามารถบวกและลบจำนวนเต็มได้อย่างถูกต้อง', 'กระดาษ, ปากกา, ตัวอย่างโจทย์', 'การบรรยายและการฝึกปฏิบัติ', 'การทดสอบย่อยและการสังเกต', '/uploads/lesson_plans/math_lesson_1.pdf', 'math_lesson_1.pdf', 1024000, 'approved', 'แผนการสอนดีมาก มีการเตรียมสื่อการสอนครบถ้วน', 'ควรเพิ่มกิจกรรมกลุ่มเพื่อให้นักเรียนมีส่วนร่วมมากขึ้น', 1, 1, '2025-09-10 20:30:00', '2025-09-10 20:00:00', '2025-09-10 20:30:00'),
(2, 4, 'ระบบสุริยะจักรวาล', 'วิทยาศาสตร์', 'ป.6', 45, 'นักเรียนสามารถอธิบายองค์ประกอบของระบบสุริยะได้', 'โมเดลระบบสุริยะ, ภาพประกอบ, วิดีโอ', 'การสาธิตและการอภิปราย', 'การตอบคำถามและการทำแบบฝึกหัด', '/uploads/lesson_plans/science_lesson_1.pdf', 'science_lesson_1.pdf', 2048000, 'submitted', NULL, NULL, NULL, NULL, NULL, '2025-09-10 20:00:00', '2025-09-10 20:00:00'),
(3, 5, 'ประวัติศาสตร์ไทยสมัยรัตนโกสินทร์', 'สังคมศึกษา', 'ม.2', 50, 'นักเรียนสามารถอธิบายเหตุการณ์สำคัญในสมัยรัตนโกสินทร์ได้', 'แผนที่, ภาพประวัติศาสตร์, เอกสารประกอบ', 'การบรรยายและการอภิปรายกลุ่ม', 'การนำเสนอและการทดสอบ', '/uploads/lesson_plans/social_lesson_1.pdf', 'social_lesson_1.pdf', 1536000, 'draft', NULL, NULL, NULL, NULL, NULL, '2025-09-10 20:00:00', '2025-09-10 20:00:00'),
(4, 6, 'การอ่านออกเสียงคำควบกล้ำ', 'ภาษาไทย', 'ป.3', 40, 'นักเรียนสามารถอ่านออกเสียงคำควบกล้ำได้ถูกต้อง', 'บัตรคำ, ภาพประกอบ, แบบฝึกหัด', 'การฝึกอ่านและการเล่นเกม', 'การอ่านออกเสียงและการประเมิน', '/uploads/lesson_plans/thai_lesson_1.pdf', 'thai_lesson_1.pdf', 1280000, 'revision_required', 'ควรปรับปรุงกิจกรรมให้เหมาะสมกับวัยของนักเรียน', 'แผนการสอนดี แต่ควรเพิ่มการประเมินที่หลากหลาย', NULL, NULL, NULL, '2025-09-10 20:00:00', '2025-09-10 20:00:00'),
(5, 7, 'การวาดภาพทิวทัศน์', 'ศิลปศึกษา', 'ป.5', 60, 'นักเรียนสามารถวาดภาพทิวทัศน์ได้อย่างสวยงาม', 'กระดาษวาดเขียน, สีไม้, ภาพตัวอย่าง', 'การสาธิตและการฝึกปฏิบัติ', 'การประเมินผลงานและการแสดงความคิดเห็น', '/uploads/lesson_plans/art_lesson_1.pdf', 'art_lesson_1.pdf', 2560000, 'approved', 'แผนการสอนสร้างสรรค์มาก นักเรียนจะสนุกกับการเรียน', 'ดีมาก มีการเตรียมสื่อการสอนที่เหมาะสม', 2, 2, '2025-09-10 20:45:00', '2025-09-10 20:00:00', '2025-09-10 20:45:00');

-- =====================================================
-- เพิ่มข้อมูลการประเมิน (Evaluations)
-- =====================================================

INSERT INTO `evaluations` (`id`, `student_id`, `evaluator_id`, `evaluator_type`, `evaluation_type`, `evaluation_date`, `teaching_preparation`, `classroom_management`, `content_knowledge`, `teaching_methods`, `student_interaction`, `assessment_evaluation`, `professional_ethics`, `punctuality_attendance`, `communication_skills`, `adaptability`, `total_score`, `grade`, `strengths`, `weaknesses`, `recommendations`, `overall_feedback`, `created_at`) VALUES
(2, 3, 11, 'mentor', 'weekly', '2025-09-15', 4, 3, 4, 3, 4, 3, 5, 5, 4, 3, '38.00', 'B', 'มีความตรงต่อเวลา มีการเตรียมการสอนดี', 'ควรพัฒนาการจัดการชั้นเรียนให้ดีขึ้น', 'แนะนำให้ศึกษาวิธีการจัดการชั้นเรียน', 'โดยรวมมีพัฒนาการที่ดี ควรเพิ่มความมั่นใจในการสอน', '2025-09-10 20:00:00'),
(3, 4, 12, 'mentor', 'weekly', '2025-09-15', 5, 4, 5, 4, 4, 4, 5, 5, 5, 4, '45.00', 'A', 'มีความรู้ในเนื้อหาดีมาก มีการเตรียมการสอนอย่างดี', 'ควรเพิ่มการมีส่วนร่วมของนักเรียน', 'แนะนำให้ใช้กิจกรรมที่หลากหลายมากขึ้น', 'เป็นนักศึกษาที่มีศักยภาพสูง ควรส่งเสริมให้มากขึ้น', '2025-09-10 20:00:00'),
(4, 5, 13, 'mentor', 'weekly', '2025-09-15', 3, 3, 3, 3, 3, 3, 4, 4, 3, 3, '32.00', 'C', 'มีความตั้งใจในการสอน', 'ควรพัฒนาทักษะการสอนให้มากขึ้น', 'แนะนำให้ฝึกสอนบ่อยขึ้นและศึกษาวิธีการสอนใหม่ๆ', 'ควรเพิ่มความมั่นใจและพัฒนาทักษะการสอน', '2025-09-10 20:00:00'),
(5, 6, 13, 'mentor', 'weekly', '2025-09-15', 4, 4, 4, 4, 4, 4, 5, 5, 4, 4, '42.00', 'B+', 'มีการเตรียมการสอนดี มีความรับผิดชอบ', 'ควรเพิ่มการมีส่วนร่วมของนักเรียน', 'แนะนำให้ใช้กิจกรรมที่สร้างสรรค์มากขึ้น', 'มีพัฒนาการที่ดี ควรส่งเสริมให้มากขึ้น', '2025-09-10 20:00:00'),
(6, 7, 11, 'mentor', 'weekly', '2025-09-15', 5, 5, 4, 5, 5, 4, 5, 5, 5, 5, '48.00', 'A', 'มีความคิดสร้างสรรค์สูง มีการเตรียมการสอนดีมาก', 'ควรเพิ่มความรู้ในเนื้อหาให้มากขึ้น', 'แนะนำให้ศึกษาวิธีการสอนที่หลากหลาย', 'เป็นนักศึกษาที่มีศักยภาพสูงมาก ควรส่งเสริมให้มากขึ้น', '2025-09-10 20:00:00'),

-- การประเมินจากอาจารย์นิเทศ
(7, 3, 14, 'supervisor', 'midterm', '2025-09-20', 4, 3, 4, 3, 4, 3, 5, 5, 4, 3, '38.00', 'B', 'มีความตั้งใจในการสอน มีจริยธรรมดี', 'ควรพัฒนาการจัดการชั้นเรียน', 'แนะนำให้ศึกษาวิธีการจัดการชั้นเรียน', 'มีพัฒนาการที่ดี ควรเพิ่มความมั่นใจ', '2025-09-10 20:00:00'),
(8, 4, 15, 'supervisor', 'midterm', '2025-09-20', 5, 4, 5, 4, 4, 4, 5, 5, 5, 4, '45.00', 'A', 'มีความรู้ในเนื้อหาดีมาก มีการเตรียมการสอนดี', 'ควรเพิ่มการมีส่วนร่วมของนักเรียน', 'แนะนำให้ใช้กิจกรรมที่หลากหลาย', 'เป็นนักศึกษาที่มีศักยภาพสูง', '2025-09-10 20:00:00');

-- =====================================================
-- เพิ่มข้อมูลบันทึกการฝึกประสบการณ์ (Practicum Records)
-- =====================================================

INSERT INTO `practicum_records` (`id`, `student_id`, `record_date`, `start_time`, `end_time`, `hours_worked`, `activities_description`, `learning_outcomes`, `challenges_faced`, `reflections`, `status`, `mentor_feedback`, `mentor_approved_at`, `supervisor_feedback`, `supervisor_approved_at`, `created_at`) VALUES
(3, 3, '2025-09-11', '08:00:00', '12:00:00', '4.0', 'สังเกตการสอนของครูพี่เลี้ยง วิชาคณิตศาสตร์ ม.1 เรื่องการบวกและการลบจำนวนเต็ม', 'เข้าใจวิธีการจัดกิจกรรมการเรียนรู้ที่เหมาะสมกับวัยของนักเรียน', 'นักเรียนบางคนยังไม่เข้าใจแนวคิดของจำนวนเต็ม', 'ควรมีการทบทวนบทเรียนก่อนหน้าเพื่อให้นักเรียนเข้าใจดีขึ้น', 'submitted', NULL, NULL, NULL, NULL, '2025-09-10 20:00:00'),
(4, 3, '2025-09-12', '08:00:00', '12:00:00', '4.0', 'ช่วยครูพี่เลี้ยงเตรียมสื่อการสอน และฝึกสอนนักเรียนกลุ่มเล็ก', 'ได้ฝึกปฏิสัมพันธ์กับนักเรียนและการใช้สื่อการสอน', 'การจัดระเบียบชั้นเรียนยังไม่คล่องแคล่ว', 'ต้องศึกษาเทคนิคการจัดการชั้นเรียนเพิ่มเติม', 'approved', 'ทำได้ดีมาก มีการเตรียมการสอนอย่างดี', '2025-09-10 20:15:00', 'มีพัฒนาการที่ดี ควรส่งเสริมให้มากขึ้น', '2025-09-10 20:30:00', '2025-09-10 20:00:00'),
(5, 4, '2025-09-11', '08:00:00', '12:00:00', '4.0', 'สังเกตการสอนของครูพี่เลี้ยง วิชาวิทยาศาสตร์ ป.6 เรื่องระบบสุริยะจักรวาล', 'เข้าใจวิธีการใช้สื่อการสอนที่หลากหลาย', 'นักเรียนบางคนยังไม่เข้าใจขนาดและระยะทางของดาวเคราะห์', 'ควรมีการใช้โมเดลหรือภาพประกอบที่ชัดเจนมากขึ้น', 'submitted', NULL, NULL, NULL, NULL, '2025-09-10 20:00:00'),
(6, 4, '2025-09-12', '08:00:00', '12:00:00', '4.0', 'ช่วยครูพี่เลี้ยงเตรียมการทดลอง และฝึกสอนนักเรียนกลุ่มเล็ก', 'ได้ฝึกการทำการทดลองและการใช้เครื่องมือวิทยาศาสตร์', 'การอธิบายขั้นตอนการทดลองยังไม่ชัดเจน', 'ต้องฝึกการอธิบายให้ชัดเจนและเข้าใจง่าย', 'approved', 'ทำได้ดีมาก มีการเตรียมการสอนอย่างดี', '2025-09-10 20:20:00', 'มีศักยภาพสูง ควรส่งเสริมให้มากขึ้น', '2025-09-10 20:35:00', '2025-09-10 20:00:00'),
(7, 5, '2025-09-11', '08:00:00', '12:00:00', '4.0', 'สังเกตการสอนของครูพี่เลี้ยง วิชาสังคมศึกษา ม.2 เรื่องประวัติศาสตร์ไทยสมัยรัตนโกสินทร์', 'เข้าใจวิธีการใช้เอกสารประวัติศาสตร์ในการสอน', 'นักเรียนบางคนยังไม่เข้าใจความสำคัญของเหตุการณ์ประวัติศาสตร์', 'ควรมีการเชื่อมโยงกับเหตุการณ์ปัจจุบัน', 'submitted', NULL, NULL, NULL, NULL, '2025-09-10 20:00:00'),
(8, 5, '2025-09-12', '08:00:00', '12:00:00', '4.0', 'ช่วยครูพี่เลี้ยงเตรียมสื่อการสอน และฝึกสอนนักเรียนกลุ่มเล็ก', 'ได้ฝึกการอธิบายเหตุการณ์ประวัติศาสตร์', 'การจัดลำดับเหตุการณ์ยังไม่ชัดเจน', 'ต้องฝึกการจัดลำดับเหตุการณ์ให้ชัดเจน', 'approved', 'ทำได้ดี มีการเตรียมการสอน', '2025-09-10 20:25:00', 'มีพัฒนาการที่ดี ควรเพิ่มความมั่นใจ', '2025-09-10 20:40:00', '2025-09-10 20:00:00'),
(9, 6, '2025-09-11', '08:00:00', '12:00:00', '4.0', 'สังเกตการสอนของครูพี่เลี้ยง วิชาภาษาไทย ป.3 เรื่องการอ่านออกเสียงคำควบกล้ำ', 'เข้าใจวิธีการสอนการอ่านที่เหมาะสมกับวัยของนักเรียน', 'นักเรียนบางคนยังไม่เข้าใจการออกเสียงคำควบกล้ำ', 'ควรมีการฝึกออกเสียงบ่อยขึ้น', 'submitted', NULL, NULL, NULL, NULL, '2025-09-10 20:00:00'),
(10, 6, '2025-09-12', '08:00:00', '12:00:00', '4.0', 'ช่วยครูพี่เลี้ยงเตรียมสื่อการสอน และฝึกสอนนักเรียนกลุ่มเล็ก', 'ได้ฝึกการอ่านออกเสียงและการใช้สื่อการสอน', 'การออกเสียงยังไม่ชัดเจน', 'ต้องฝึกการออกเสียงให้ชัดเจน', 'approved', 'ทำได้ดี มีการเตรียมการสอน', '2025-09-10 20:30:00', 'มีพัฒนาการที่ดี ควรเพิ่มความมั่นใจ', '2025-09-10 20:45:00', '2025-09-10 20:00:00'),
(11, 7, '2025-09-11', '08:00:00', '12:00:00', '4.0', 'สังเกตการสอนของครูพี่เลี้ยง วิชาศิลปศึกษา ป.5 เรื่องการวาดภาพทิวทัศน์', 'เข้าใจวิธีการสอนศิลปะที่สร้างสรรค์', 'นักเรียนบางคนยังไม่เข้าใจเทคนิคการวาดภาพ', 'ควรมีการสาธิตเทคนิคการวาดภาพให้ชัดเจน', 'submitted', NULL, NULL, NULL, NULL, '2025-09-10 20:00:00'),
(12, 7, '2025-09-12', '08:00:00', '12:00:00', '4.0', 'ช่วยครูพี่เลี้ยงเตรียมสื่อการสอน และฝึกสอนนักเรียนกลุ่มเล็ก', 'ได้ฝึกการวาดภาพและการใช้สี', 'การอธิบายเทคนิคการวาดภาพยังไม่ชัดเจน', 'ต้องฝึกการอธิบายเทคนิคให้ชัดเจน', 'approved', 'ทำได้ดีมาก มีความคิดสร้างสรรค์สูง', '2025-09-10 20:35:00', 'มีศักยภาพสูงมาก ควรส่งเสริมให้มากขึ้น', '2025-09-10 20:50:00', '2025-09-10 20:00:00');

-- =====================================================
-- เพิ่มข้อมูลประกาศใหม่ (เริ่มจาก ID 4)
-- =====================================================

INSERT INTO `announcements` (`id`, `title`, `content`, `announcement_type`, `target_audience`, `is_published`, `publish_date`, `expiry_date`, `created_by`, `attachment_file`, `view_count`, `created_at`) VALUES
(4, 'ประกาศกำหนดการสอบกลางภาค', 'ประกาศกำหนดการสอบกลางภาคสำหรับนักศึกษาฝึกประสบการณ์วิชาชีพครู ภาคเรียนที่ 2 ปีการศึกษา 2567 ระหว่างวันที่ 1-5 ตุลาคม 2568', 'announcement', 'students', 1, '2025-09-10 20:00:00', '2025-10-05 23:59:59', 1, NULL, 0, '2025-09-10 20:00:00'),
(5, 'ประกาศการเยี่ยมนิเทศครั้งที่ 2', 'ประกาศการเยี่ยมนิเทศนักศึกษาฝึกประสบการณ์วิชาชีพครู ครั้งที่ 2 ระหว่างวันที่ 15-20 ตุลาคม 2568', 'news', 'all', 1, '2025-09-10 20:00:00', NULL, 1, NULL, 0, '2025-09-10 20:00:00'),
(6, 'ประกาศการส่งรายงานประจำสัปดาห์', 'ประกาศให้นักศึกษาส่งรายงานประจำสัปดาห์ทุกวันศุกร์ ภายในเวลา 16:00 น.', 'urgent', 'students', 1, '2025-09-10 20:00:00', NULL, 1, NULL, 0, '2025-09-10 20:00:00'),
(7, 'ประกาศการประชุมครูพี่เลี้ยง', 'ประกาศการประชุมครูพี่เลี้ยงประจำเดือนตุลาคม 2568 วันที่ 25 ตุลาคม 2568 เวลา 09:00-12:00 น.', 'announcement', 'mentors', 1, '2025-09-10 20:00:00', '2025-10-25 23:59:59', 1, NULL, 0, '2025-09-10 20:00:00'),
(8, 'ประกาศการอบรมเทคนิคการสอน', 'ประกาศการอบรมเทคนิคการสอนสำหรับครูพี่เลี้ยง วันที่ 30 ตุลาคม 2568 เวลา 08:00-16:00 น.', 'general', 'mentors', 1, '2025-09-10 20:00:00', '2025-10-30 23:59:59', 1, NULL, 0, '2025-09-10 20:00:00');

-- =====================================================
-- เพิ่มข้อมูลข้อความ (Messages)
-- =====================================================

INSERT INTO `messages` (`id`, `sender_id`, `receiver_id`, `subject`, `message_content`, `message_type`, `is_read`, `read_at`, `reply_to_id`, `attachment_file`, `created_at`) VALUES
(1, 1, 3, 'ยินดีต้อนรับเข้าสู่ระบบ', 'ยินดีต้อนรับเข้าสู่ระบบฝึกประสบการณ์วิชาชีพครู ขอให้ประสบความสำเร็จในการฝึกประสบการณ์', 'general', 1, '2025-09-10 20:05:00', NULL, NULL, '2025-09-10 20:00:00'),
(2, 1, 4, 'ยินดีต้อนรับเข้าสู่ระบบ', 'ยินดีต้อนรับเข้าสู่ระบบฝึกประสบการณ์วิชาชีพครู ขอให้ประสบความสำเร็จในการฝึกประสบการณ์', 'general', 1, '2025-09-10 20:05:00', NULL, NULL, '2025-09-10 20:00:00'),
(3, 1, 5, 'ยินดีต้อนรับเข้าสู่ระบบ', 'ยินดีต้อนรับเข้าสู่ระบบฝึกประสบการณ์วิชาชีพครู ขอให้ประสบความสำเร็จในการฝึกประสบการณ์', 'general', 1, '2025-09-10 20:05:00', NULL, NULL, '2025-09-10 20:00:00'),
(4, 1, 6, 'ยินดีต้อนรับเข้าสู่ระบบ', 'ยินดีต้อนรับเข้าสู่ระบบฝึกประสบการณ์วิชาชีพครู ขอให้ประสบความสำเร็จในการฝึกประสบการณ์', 'general', 1, '2025-09-10 20:05:00', NULL, NULL, '2025-09-10 20:00:00'),
(5, 1, 7, 'ยินดีต้อนรับเข้าสู่ระบบ', 'ยินดีต้อนรับเข้าสู่ระบบฝึกประสบการณ์วิชาชีพครู ขอให้ประสบความสำเร็จในการฝึกประสบการณ์', 'general', 1, '2025-09-10 20:05:00', NULL, NULL, '2025-09-10 20:00:00'),
(6, 11, 3, 'คำแนะนำการเตรียมการสอน', 'ขอแนะนำให้เตรียมการสอนล่วงหน้าและศึกษาวิธีการจัดการชั้นเรียน', 'feedback', 0, NULL, NULL, NULL, '2025-09-10 20:00:00'),
(7, 12, 4, 'คำชมเชย', 'ทำได้ดีมากในการสอนครั้งนี้ ควรส่งเสริมให้มากขึ้น', 'feedback', 0, NULL, NULL, NULL, '2025-09-10 20:00:00'),
(8, 13, 5, 'คำแนะนำการพัฒนาตนเอง', 'ควรเพิ่มความมั่นใจในการสอนและศึกษาวิธีการสอนใหม่ๆ', 'feedback', 0, NULL, NULL, NULL, '2025-09-10 20:00:00'),
(9, 14, 3, 'การเยี่ยมนิเทศครั้งต่อไป', 'การเยี่ยมนิเทศครั้งต่อไปจะจัดในวันที่ 20 ตุลาคม 2568', 'general', 0, NULL, NULL, NULL, '2025-09-10 20:00:00'),
(10, 15, 4, 'การเยี่ยมนิเทศครั้งต่อไป', 'การเยี่ยมนิเทศครั้งต่อไปจะจัดในวันที่ 22 ตุลาคม 2568', 'general', 0, NULL, NULL, NULL, '2025-09-10 20:00:00');

-- =====================================================
-- เพิ่มข้อมูลการแจ้งเตือน (Notifications)
-- =====================================================

INSERT INTO `notifications` (`id`, `user_id`, `title`, `message`, `notification_type`, `related_table`, `related_id`, `is_read`, `read_at`, `created_at`) VALUES
(1, 3, 'แผนการสอนได้รับการอนุมัติ', 'แผนการสอนเรื่อง "การบวกและการลบจำนวนเต็ม" ได้รับการอนุมัติจากครูพี่เลี้ยงแล้ว', 'lesson_plan_approved', 'lesson_plans', 1, 1, '2025-09-10 20:35:00', '2025-09-10 20:30:00'),
(2, 4, 'แผนการสอนรอการตรวจสอบ', 'แผนการสอนเรื่อง "ระบบสุริยะจักรวาล" รอการตรวจสอบจากครูพี่เลี้ยง', 'lesson_plan_submitted', 'lesson_plans', 2, 0, NULL, '2025-09-10 20:00:00'),
(3, 5, 'แผนการสอนต้องแก้ไข', 'แผนการสอนเรื่อง "ประวัติศาสตร์ไทยสมัยรัตนโกสินทร์" ต้องแก้ไขตามข้อเสนอแนะ', 'lesson_plan_revision', 'lesson_plans', 3, 0, NULL, '2025-09-10 20:00:00'),
(4, 6, 'แผนการสอนต้องแก้ไข', 'แผนการสอนเรื่อง "การอ่านออกเสียงคำควบกล้ำ" ต้องแก้ไขตามข้อเสนอแนะ', 'lesson_plan_revision', 'lesson_plans', 4, 0, NULL, '2025-09-10 20:00:00'),
(5, 7, 'แผนการสอนได้รับการอนุมัติ', 'แผนการสอนเรื่อง "การวาดภาพทิวทัศน์" ได้รับการอนุมัติจากครูพี่เลี้ยงแล้ว', 'lesson_plan_approved', 'lesson_plans', 5, 1, '2025-09-10 20:50:00', '2025-09-10 20:45:00'),
(6, 3, 'การประเมินใหม่', 'มีการประเมินใหม่จากครูพี่เลี้ยง', 'evaluation_new', 'evaluations', 2, 0, NULL, '2025-09-10 20:00:00'),
(7, 4, 'การประเมินใหม่', 'มีการประเมินใหม่จากครูพี่เลี้ยง', 'evaluation_new', 'evaluations', 3, 0, NULL, '2025-09-10 20:00:00'),
(8, 5, 'การประเมินใหม่', 'มีการประเมินใหม่จากครูพี่เลี้ยง', 'evaluation_new', 'evaluations', 4, 0, NULL, '2025-09-10 20:00:00'),
(9, 6, 'การประเมินใหม่', 'มีการประเมินใหม่จากครูพี่เลี้ยง', 'evaluation_new', 'evaluations', 5, 0, NULL, '2025-09-10 20:00:00'),
(10, 7, 'การประเมินใหม่', 'มีการประเมินใหม่จากครูพี่เลี้ยง', 'evaluation_new', 'evaluations', 6, 0, NULL, '2025-09-10 20:00:00');

-- =====================================================
-- อัปเดต AUTO_INCREMENT สำหรับตารางต่างๆ
-- =====================================================

ALTER TABLE `users` AUTO_INCREMENT = 16;
ALTER TABLE `schools` AUTO_INCREMENT = 9;
ALTER TABLE `students` AUTO_INCREMENT = 8;
ALTER TABLE `mentor_teachers` AUTO_INCREMENT = 5;
ALTER TABLE `supervisors` AUTO_INCREMENT = 4;
ALTER TABLE `lesson_plans` AUTO_INCREMENT = 6;
ALTER TABLE `evaluations` AUTO_INCREMENT = 9;
ALTER TABLE `practicum_records` AUTO_INCREMENT = 13;
ALTER TABLE `announcements` AUTO_INCREMENT = 9;
ALTER TABLE `messages` AUTO_INCREMENT = 11;
ALTER TABLE `notifications` AUTO_INCREMENT = 11;

COMMIT;

-- =====================================================
-- สรุปข้อมูลที่เพิ่มเข้าไป
-- =====================================================
-- 
-- Users: เพิ่ม 10 รายการ (ID 6-15)
-- Schools: เพิ่ม 4 รายการ (ID 5-8)
-- Students: เพิ่ม 5 รายการ (ID 3-7)
-- Mentor Teachers: เพิ่ม 3 รายการ (ID 2-4)
-- Supervisors: เพิ่ม 2 รายการ (ID 2-3)
-- Lesson Plans: เพิ่ม 5 รายการ (ID 1-5)
-- Evaluations: เพิ่ม 7 รายการ (ID 2-8)
-- Practicum Records: เพิ่ม 10 รายการ (ID 3-12)
-- Announcements: เพิ่ม 5 รายการ (ID 4-8)
-- Messages: เพิ่ม 10 รายการ (ID 1-10)
-- Notifications: เพิ่ม 10 รายการ (ID 1-10)
--
-- รวมทั้งหมด: 71 รายการ
-- =====================================================
